{
	"plugin_name": "HuongDan",
	"plugin_scope": "sleep",
	"plugin_exec": "HuongDan.js",
	"command_map": {
		"HuongDan": {
			"hargs": {
				"vi_VN": "< giành cho những bạn không biết dùng >",
				"en_US": ""
			},
			"hdesc": {
				"vi_VN": "Không biết dùng thì hãy xem cái này nha <3",
				"en_US": ""
			},
			"fscope": "HD_get",
			"compatibly": 0
		}
	},
	"author": "DauPhu",
	"version": "1.0",
	"node_depends": {
		"node-fetch": ""
	},
	"complied_for": "0.3.0"
}